{"py/object": "rasa_core.featurizers.MaxHistoryTrackerFeaturizer", "max_history": 6, "remove_duplicates": true, "state_featurizer": {"py/object": "rasa_core.featurizers.BinarySingleStateFeaturizer", "input_state_map": {"entity_device_name": 15, "entity_model_name": 18, "entity_notify_problem": 17, "entity_problem_type": 16, "intent_alt_reply": 0, "intent_answer_negative": 1, "intent_answer_positive": 2, "intent_answer_screen_negative": 3, "intent_answer_screen_positive": 4, "intent_buy_year": 5, "intent_bye": 6, "intent_device_issue": 7, "intent_device_model": 8, "intent_fine_ask": 9, "intent_fine_normal": 10, "intent_greet": 11, "intent_greet_ticket": 12, "intent_prob_device_screen": 13, "intent_thanks": 14, "prev_action_create_ticket": 45, "prev_action_deactivate_form": 26, "prev_action_default_ask_affirmation": 28, "prev_action_default_ask_rephrase": 29, "prev_action_default_fallback": 25, "prev_action_listen": 23, "prev_action_restart": 24, "prev_action_revert_fallback_events": 27, "prev_utter_anything_else": 48, "prev_utter_bye": 36, "prev_utter_damage_screen": 38, "prev_utter_default": 46, "prev_utter_device_charged": 30, "prev_utter_device_model": 43, "prev_utter_glad": 35, "prev_utter_greet": 31, "prev_utter_help": 39, "prev_utter_issue_damage": 37, "prev_utter_issue_fall": 50, "prev_utter_issue_resolution": 42, "prev_utter_issue_stamp": 34, "prev_utter_ofc": 44, "prev_utter_process_ticket": 32, "prev_utter_reply": 33, "prev_utter_restart": 47, "prev_utter_restart_outcome": 41, "prev_utter_thanks": 49, "prev_utter_year": 40, "slot_device_name_0": 19, "slot_model_name_0": 20, "slot_notify_problem_0": 21, "slot_problem_type_0": 22}, "num_features": 51, "slot_feature_len": 4, "user_feature_len": 19}, "use_intent_probabilities": false}