{"max_history": 5, "py/object": "rasa_core.featurizers.MaxHistoryTrackerFeaturizer", "remove_duplicates": true, "state_featurizer": {"input_state_map": {"intent_greet": 0, "intent_utter_icebreak12": 1, "prev_action_back": 9, "prev_action_deactivate_form": 5, "prev_action_default_ask_affirmation": 7, "prev_action_default_ask_rephrase": 8, "prev_action_default_fallback": 4, "prev_action_listen": 2, "prev_action_restart": 3, "prev_action_revert_fallback_events": 6, "prev_utter_greet": 10, "prev_utter_icebreak12": 11}, "num_features": 12, "py/object": "rasa_core.featurizers.BinarySingleStateFeaturizer", "slot_feature_len": 0, "user_feature_len": 2}, "use_intent_probabilities": false}