{
  "rasa_nlu_data": {
    "common_examples": [
      {
        "intent": "greet",
        "text": "ハロー"
      },
      {
        "intent": "greet",
        "text": "もしもし"
      },
      {
        "intent": "greet",
        "text": "初めまして"
      },
      {
        "intent": "greet",
        "text": "こんにちは"
      },
      {
        "intent": "greet",
        "text": "はじめまして"
      },
      {
        "intent": "icebreak12",
        "text": "よろしくお願いします"
      },
      {
        "intent": "icebreak12",
        "text": "こちらこそ"
      },
      {
        "intent": "icebreak12",
        "text": "宜しくお願いします"
      },
      {
        "intent": "icebreak12",
        "text": "問題ないです"
      }
    ],
    "regex_features": [],
    "lookup_tables": [],
    "entity_synonyms": []
  }
}