{"max_history": 3, "py/object": "rasa_core.featurizers.MaxHistoryTrackerFeaturizer", "remove_duplicates": true, "state_featurizer": {"input_state_map": {"entity_category": 6, "intent_bye": 0, "intent_fine_ask": 1, "intent_fine_normal": 2, "intent_greet": 3, "intent_news": 4, "intent_thanks": 5, "prev_action_back": 15, "prev_action_deactivate_form": 11, "prev_action_default_ask_affirmation": 13, "prev_action_default_ask_rephrase": 14, "prev_action_default_fallback": 10, "prev_action_get_news": 16, "prev_action_listen": 8, "prev_action_restart": 9, "prev_action_revert_fallback_events": 12, "prev_utter_anything_else": 20, "prev_utter_bye": 22, "prev_utter_default": 23, "prev_utter_greet": 17, "prev_utter_help": 19, "prev_utter_ofc": 21, "prev_utter_reply": 18, "slot_category_0": 7}, "num_features": 24, "py/object": "rasa_core.featurizers.BinarySingleStateFeaturizer", "slot_feature_len": 1, "user_feature_len": 7}, "use_intent_probabilities": false}