{
  "action_fingerprints": {
    "action_listen": {
      "slots": [
        "problem_type",
        "model_name",
        "device_name",
        "notify_problem"
      ]
    },
    "utter_help": {
      "slots": []
    },
    "utter_issue_stamp": {
      "slots": []
    },
    "utter_anything_else": {
      "slots": []
    },
    "utter_reply": {
      "slots": []
    },
    "utter_default": {
      "slots": []
    },
    "utter_issue_fall": {
      "slots": []
    },
    "utter_thanks": {
      "slots": []
    },
    "action_create_ticket": {
      "slots": []
    },
    "utter_issue_damage": {
      "slots": []
    },
    "utter_device_model": {
      "slots": []
    },
    "utter_restart_outcome": {
      "slots": []
    },
    "utter_greet": {
      "slots": []
    },
    "utter_bye": {
      "slots": []
    }
  },
  "python": "3.6.8",
  "max_histories": [
    6,
    6,
    null,
    2
  ],
  "ensemble_name": "rasa_core.policies.ensemble.SimplePolicyEnsemble",
  "policy_names": [
    "rasa_core.policies.keras_policy.KerasPolicy",
    "rasa_core.policies.memoization.MemoizationPolicy",
    "rasa_core.policies.fallback.FallbackPolicy",
    "rasa_core.policies.form_policy.FormPolicy"
  ],
  "trained_at": "20190325-164932",
  "rasa_core": "0.13.4",
  "tensorflow": "1.12.0",
  "sklearn": "0.20.3"
}