{
  "rasa_nlu_data": {
    "common_examples": [
      {
        "intent": "greet",
        "text": "hey"
      },
      {
        "intent": "greet",
        "text": "hello"
      },
      {
        "intent": "greet",
        "text": "hi"
      },
      {
        "intent": "greet",
        "text": "good morning"
      },
      {
        "intent": "greet",
        "text": "good evening"
      },
      {
        "intent": "greet",
        "text": "good afternoon"
      },
      {
        "intent": "greet",
        "text": "hey there"
      },
      {
        "intent": "greet",
        "text": "hi there"
      },
      {
        "intent": "greet",
        "text": "hii"
      },
      {
        "intent": "greet",
        "text": "Hi"
      },
      {
        "intent": "fine_ask",
        "text": "I am good, how are you doing?"
      },
      {
        "intent": "fine_ask",
        "text": "I'm fine, how are you?"
      },
      {
        "intent": "fine_ask",
        "text": "I'm good, how are you?"
      },
      {
        "intent": "fine_ask",
        "text": "I am good, how are you?"
      },
      {
        "intent": "fine_ask",
        "text": "Doing good, how are you?"
      },
      {
        "intent": "fine_ask",
        "text": "Awesome, how are you?"
      },
      {
        "intent": "fine_ask",
        "text": "im fine, how are you?"
      },
      {
        "intent": "fine_ask",
        "text": "im good, how are you?"
      },
      {
        "intent": "fine_ask",
        "text": "I am doing good. How about you?"
      },
      {
        "intent": "fine_normal",
        "text": "I am doing great"
      },
      {
        "intent": "fine_normal",
        "text": "I'm doing great"
      },
      {
        "intent": "fine_normal",
        "text": "I'm fine"
      },
      {
        "intent": "fine_normal",
        "text": "I'm good"
      },
      {
        "intent": "fine_normal",
        "text": "Doing good"
      },
      {
        "intent": "fine_normal",
        "text": "Awesome"
      },
      {
        "intent": "fine_normal",
        "text": "im fine"
      },
      {
        "intent": "fine_normal",
        "text": "im good"
      },
      {
        "intent": "news",
        "entities": [
          {
            "start": 34,
            "end": 39,
            "value": "world",
            "entity": "category"
          }
        ],
        "text": "Share some latest news around the world?"
      },
      {
        "intent": "news",
        "entities": [
          {
            "start": 26,
            "end": 32,
            "value": "sports",
            "entity": "category"
          }
        ],
        "text": "Share some latest news in sports?"
      },
      {
        "intent": "news",
        "entities": [
          {
            "start": 20,
            "end": 30,
            "value": "technology",
            "entity": "category"
          }
        ],
        "text": "What is going on in technology?"
      },
      {
        "intent": "news",
        "entities": [
          {
            "start": 24,
            "end": 31,
            "value": "fashion",
            "entity": "category"
          }
        ],
        "text": "Tell me some news about fashion"
      },
      {
        "intent": "news",
        "entities": [
          {
            "start": 24,
            "end": 32,
            "value": "business",
            "entity": "category"
          }
        ],
        "text": "Tell me some news about business"
      },
      {
        "intent": "news",
        "entities": [
          {
            "start": 20,
            "end": 28,
            "value": "business",
            "entity": "category"
          }
        ],
        "text": "What is going on in business"
      },
      {
        "intent": "news",
        "entities": [
          {
            "start": 24,
            "end": 28,
            "value": "arts",
            "entity": "category"
          }
        ],
        "text": "Tell me some news about arts"
      },
      {
        "intent": "news",
        "entities": [
          {
            "start": 20,
            "end": 24,
            "value": "arts",
            "entity": "category"
          }
        ],
        "text": "What is going on in arts"
      },
      {
        "intent": "news",
        "entities": [
          {
            "start": 20,
            "end": 24,
            "value": "arts",
            "entity": "category"
          }
        ],
        "text": "What is going on in arts"
      },
      {
        "intent": "news",
        "entities": [
          {
            "start": 19,
            "end": 23,
            "value": "food",
            "entity": "category"
          }
        ],
        "text": "What is cooking in food"
      },
      {
        "intent": "news",
        "entities": [
          {
            "start": 0,
            "end": 6,
            "value": "movies",
            "entity": "category"
          }
        ],
        "text": "movies"
      },
      {
        "intent": "news",
        "entities": [
          {
            "start": 0,
            "end": 8,
            "value": "magazine",
            "entity": "category"
          }
        ],
        "text": "magazine"
      },
      {
        "intent": "news",
        "entities": [
          {
            "start": 0,
            "end": 7,
            "value": "opinion",
            "entity": "category"
          }
        ],
        "text": "opinion"
      },
      {
        "intent": "news",
        "entities": [
          {
            "start": 0,
            "end": 7,
            "value": "science",
            "entity": "category"
          }
        ],
        "text": "science"
      },
      {
        "intent": "thanks",
        "text": "Thanks"
      },
      {
        "intent": "thanks",
        "text": "Thank you so much"
      },
      {
        "intent": "bye",
        "text": "No, I am good as of now. Bye"
      },
      {
        "intent": "bye",
        "text": "Bye"
      },
      {
        "intent": "bye",
        "text": "Bbye"
      }
    ],
    "regex_features": [],
    "lookup_tables": [],
    "entity_synonyms": []
  }
}