{"py/object": "rasa_core.featurizers.MaxHistoryTrackerFeaturizer", "max_history": 5, "remove_duplicates": true, "state_featurizer": {"py/object": "rasa_core.featurizers.BinarySingleStateFeaturizer", "input_state_map": {"intent_goodbye": 0, "intent_greet": 1, "intent_mood_affirm": 2, "intent_mood_deny": 3, "intent_mood_great": 4, "intent_mood_unhappy": 5, "intent_restaurant_search": 6, "intent_thankyou": 7, "prev_action_deactivate_form": 14, "prev_action_default_fallback": 13, "prev_action_listen": 11, "prev_action_restart": 12, "prev_utter_api": 26, "prev_utter_cheer_up": 20, "prev_utter_default": 25, "prev_utter_did_that_help": 21, "prev_utter_goodbye": 22, "prev_utter_goodtohear": 17, "prev_utter_greet": 15, "prev_utter_greetwithname": 16, "prev_utter_restaurants": 23, "prev_utter_thankyou": 24, "prev_utter_typeofcuisine": 18, "prev_utter_whichlocation": 19, "slot_Person_0": 8, "slot_cuisine_0": 9, "slot_location_0": 10}, "num_features": 27, "slot_feature_len": 3, "user_feature_len": 8}, "use_intent_probabilities": false}