{
  "priority": 2,
  "max_history": 3,
  "lookup": {
    "eJyLzivNydFRgJDVtbEAMW4Fvw==": 0,
    "eJyLzivNydFRqK4F4sy8ktS8kviSjMS87GIrBUM9Ax2FgqLUsvjE5JLM/Lz4nMxioAKwRG0sAFFLFBw=": 12,
    "eJyLrq7VUajOzCtJzSuJL8lIzMsutlIw1DPQUSgoSi2LT0wuyczPi8/JLAYqAEvgVV5aUpJaFJ+YV1mSkZmXHp+aU5wK0RQLAKJVJQo=": 0,
    "eJyLzivNydFRqK4F4sy8ktS8kvi81PJiKwVDPQMdhYKi1LL4xOSSzPy8+JzMYqA0WKI2FgAlFhNQ": 13,
    "eJyLrq7VUajOzCtJzSuJz0stL7ZSMNQz0FEoKEoti09MLsnMz4vPySwGSoMl8CguLSlJLYrPT0uGKIwFAKf3H0A=": 8,
    "eJyLrs7MK0nNK4nPSy0vtlIw1DPQUSgoSi2LT0wuyczPi8/JLAZKgyVqdRRwKS4tKUktis9PSyakEGpqeiqSVG0sAEOvLmE=": 0,
    "eJyLzivNydFRqK4F4sy8ktS8kvi0zLzU+Lz8otzEHCsFQz0DHYWCotSy+MTkksz8vPiczGKgKrBEbSwAxwoWHQ==": 11,
    "eJyLrq7VUajOzCtJzSuJT8vMS43Pyy/KTcyxUjDUM9BRKChKLYtPTC7JzM+Lz8ksBqoCSxDWU1pSkloUn5GaUwDREAsA3pAlSw==": 0,
    "eJyLzivNydFRqK4F4oKi1LL40pKS1KL4lNS0xNKcEisFQz2D2lgABxsNeQ==": 0,
    "eJyLzivNydFRqK4F4sy8ktS8kvi0zLzU+MTibCsFQz0DHYWCotSy+MTkksz8vPiczGKgErBEbSwAfAYU0w==": 10,
    "eJyLrq7VUajOzCtJzSuJT8vMS41PLM62UjDUM9BRKChKLYtPTC7JzM+Lz8ksBioBSxDQUFpSkloUX5RakFMJUR4LAAtNIzo=": 0,
    "eJyLzivNydFRqK4F4sy8ktS8kvj0otTUEisFQz0DHYWCotSy+MTkksz8vPiczGKgPFiiNhYAOVkTqg==": 9,
    "eJyLrq7VUajOzCtJzSuJTy9KTS2xUjDUM9BRKChKLYtPTC7JzM+Lz8ksBsqDJfCpLi0pSS1CEq6NBQAtOSDT": 0,
    "eJyLzivNydFRqK4F4sy8ktS8kvikylQrBUM9Ax2FgqLUsvjE5JLM/Lz4nMxioCxYojYWAAyYEtM=": 14,
    "eJyLrq7VUajOzCtJzSuJT6pMtVIw1DPQUSgoSi2LT0wuyczPi8/JLAbKgiVwqy0tKUktggvWxgIAWhYeTg==": 0
  }
}