{
  "action_fingerprints": {
    "action_listen": {
      "slots": []
    },
    "utter_help": {
      "slots": []
    },
    "utter_greet": {
      "slots": []
    },
    "utter_reply": {
      "slots": []
    },
    "utter_anything_else": {
      "slots": []
    },
    "utter_bye": {
      "slots": []
    },
    "action_get_news": {
      "slots": []
    },
    "utter_default": {
      "slots": []
    }
  },
  "python": "3.6.0",
  "max_histories": [
    3,
    3,
    null,
    2
  ],
  "ensemble_name": "rasa_core.policies.ensemble.SimplePolicyEnsemble",
  "policy_names": [
    "rasa_core.policies.keras_policy.KerasPolicy",
    "rasa_core.policies.memoization.MemoizationPolicy",
    "rasa_core.policies.fallback.FallbackPolicy",
    "rasa_core.policies.form_policy.FormPolicy"
  ],
  "trained_at": "20200110-091130",
  "rasa_core": "0.14.5",
  "tensorflow": "1.13.2",
  "sklearn": "0.20.4"
}