{
  "action_fingerprints": {
    "action_listen": {
      "slots": []
    },
    "utter_icebreak12": {
      "slots": []
    }
  },
  "python": "3.7.4",
  "max_histories": [
    5,
    5,
    5
  ],
  "ensemble_name": "rasa_core.policies.ensemble.SimplePolicyEnsemble",
  "policy_names": [
    "rasa_core.policies.memoization.MemoizationPolicy",
    "rasa_core.policies.keras_policy.KerasPolicy",
    "rasa_core.policies.mapping_policy.MappingPolicy"
  ],
  "trained_at": "20200110-153141",
  "rasa_core": "0.14.5",
  "tensorflow": "1.13.2",
  "sklearn": "0.20.4"
}